<?xml version="1.0" encoding="UTF-8"?>
<beans xmlns="http://www.springframework.org/schema/beans"
       xmlns:xsi="http://www.w3.org/2001/XMLSchema-instance"
       xmlns:context="http://www.springframework.org/schema/context"
       xmlns:mvc="http://www.springframework.org/schema/mvc"
       xmlns:aop="http://www.springframework.org/schema/aop"
       xsi:schemaLocation="http://www.springframework.org/schema/beans
    http://www.springframework.org/schema/beans/spring-beans.xsd
    http://www.springframework.org/schema/context
    http://www.springframework.org/schema/context/spring-context.xsd
    http://www.springframework.org/schema/mvc 
    http://www.springframework.org/schema/mvc/spring-mvc.xsd
    http://www.springframework.org/schema/aop
    http://www.springframework.org/schema/aop/spring-aop.xsd">
    
    <mvc:annotation-driven/>
    <!-- aspectj aop启用CGliB代理 -->
    <aop:aspectj-autoproxy expose-proxy="true" proxy-target-class="true"/>
    <context:component-scan base-package="com.wangzhixuan.controller;com.wangzhixuan.commons.scan"/>
    
    <!-- 配置结果页面 前缀和后缀 -->
    <bean class="org.springframework.web.servlet.view.InternalResourceViewResolver">
        <property name="order" value="10"></property>
        <property name="prefix" value="/WEB-INF/views/"></property>
        <property name="suffix" value=".jsp"></property>
    </bean>
    
    <!-- 配置哪些是静态资源，缺省Servlet 直接返回 -->
    <mvc:resources mapping="/static/**" location="/static/" cache-period="31556926"/>
    <mvc:resources mapping="/upload/**" location="/upload/" cache-period="31556926"/>
    <mvc:resources mapping="/favicon.ico" location="/static/style/images/favicon.ico" cache-period="31556926"/>
    
    <mvc:annotation-driven>
        <mvc:message-converters register-defaults="false">
            <!-- 将StringHttpMessageConverter的默认编码设为UTF-8 -->
            <bean class="org.springframework.http.converter.StringHttpMessageConverter">
                <constructor-arg value="UTF-8"/>
            </bean>
            <!-- 下载使用 -->
            <bean class="org.springframework.http.converter.ByteArrayHttpMessageConverter"/>
            <bean class="org.springframework.http.converter.ResourceHttpMessageConverter"/>
            <bean class="org.springframework.http.converter.ResourceRegionHttpMessageConverter"/>
            <!-- json -->
            <ref bean="jacksonMessageConverter" />
        </mvc:message-converters>
    </mvc:annotation-driven>
    
    <bean id="jacksonMessageConverter" class="org.springframework.http.converter.json.MappingJackson2HttpMessageConverter">
        <property name="supportedMediaTypes">
            <list>
                <value>text/html;charset=UTF-8</value>
            </list>
        </property>
        <property name="objectMapper" ref="jacksonObjectMapper" />
    </bean>
    
    <!-- hibernate-Validator -->
    <bean id="validator" class="org.springframework.validation.beanvalidation.LocalValidatorFactoryBean">
        <property name="providerClass" value="org.hibernate.validator.HibernateValidator"/>
    </bean>
    <bean class="org.springframework.validation.beanvalidation.MethodValidationPostProcessor"/>
    
    <!-- ueditor -->
    <bean id="ueditorManager" class="net.dreamlu.module.ueditor.UeditorManager"/>
    <bean class="net.dreamlu.module.ueditor.UeditorService">
        <property name="ueditorManager" ref="ueditorManager"/>
    </bean>
    <!-- ueditor -->
    
    <!-- 使用spring servlet3.0 默认上传 -->
    <bean id="multipartResolver" class="org.springframework.web.multipart.support.StandardServletMultipartResolver"/>
    
    <!-- 启用shrio 控制器授权注解拦截方式 -->
    <bean class="org.apache.shiro.spring.security.interceptor.AuthorizationAttributeSourceAdvisor">
        <property name="securityManager" ref="securityManager"/>
    </bean>
    <!-- 保证实现了Shiro内部lifecycle函数的bean执行 -->
    <bean id="lifecycleBeanPostProcessor" class="org.apache.shiro.spring.LifecycleBeanPostProcessor"/>
    <!-- AOP式方法级权限检查  -->
    <bean class="org.springframework.aop.framework.autoproxy.DefaultAdvisorAutoProxyCreator"
          depends-on="lifecycleBeanPostProcessor">
          <property name="proxyTargetClass" value="true"/>
    </bean>
</beans>