<?xml version="1.0" encoding="UTF-8"?>
<beans xmlns="http://www.springframework.org/schema/beans"
       xmlns:xsi="http://www.w3.org/2001/XMLSchema-instance"
       xmlns:task="http://www.springframework.org/schema/task"
       xmlns:context="http://www.springframework.org/schema/context"
       xsi:schemaLocation="http://www.springframework.org/schema/beans
       http://www.springframework.org/schema/beans/spring-beans.xsd
       http://www.springframework.org/schema/task
       http://www.springframework.org/schema/task/spring-task.xsd
       http://www.springframework.org/schema/context
       http://www.springframework.org/schema/context/spring-context.xsd">

    <!-- 扫描 event包 -->
    <context:component-scan base-package="com.wangzhixuan.event;com.wangzhixuan.task"/>

    <bean id="taskExecutor" class="org.springframework.scheduling.concurrent.ThreadPoolTaskExecutor">
        <!-- 核心线程数 -->
        <property name="corePoolSize" value="${task.core_pool_size}" />
        <!-- 最大线程数 -->
        <property name="maxPoolSize" value="${task.max_pool_size}" />
        <!-- 队列最大长度 -->
        <property name="queueCapacity" value="${task.queue_capacity}" />
        <!-- 线程池维护线程所允许的空闲时间，默认为60s -->
        <property name="keepAliveSeconds" value="${task.keep_alive_seconds}" />
    </bean>

    <!-- 注解式 -->
    <task:annotation-driven executor="taskExecutor" proxy-target-class="true"/>
</beans>
